proposalName,customerGrpName,date,description,status
proposal1,customerGrpName1,10-Dec-21,Detailed description1,In Preparation
proposal2,customerGrpName2,13-Jan-17,Detailed description2,Approved
proposal3,customerGrpName3,1-May-20,Detailed description3,In Support
proposal4,customerGrpName4,17-Jun-14,Detailed description4,In Support
proposal5,customerGrpName5,20-Aug-12,Detailed description5,In Approve
proposal6,customerGrpName6,2-Aug-17,Detailed description6,In Support
proposal7,customerGrpName7,20-Aug-12,Detailed description7,In Approve
proposal8,customerGrpName3,19-Dec-21,Detailed description8,In Preparation
